"";"Intercepto";"Accesibilidad.barrial";"Molestias.vecinales";"Confianza.en.Vecinos";"Deseabilidad.social";"Tramo.etario";"Nivel.educacional";"Estatus.social.subjetivo";"Encarecimiento.barrial";"Régimen.de.propiedad.vivienda";"Reputación.barrial";"Seguridad.barrial";"Sexo.Género";"Sociabilidad.barrial";"Tiempo.de.residencia";"df";"logLik";"AICc";"delta";"weight"
"1";-0,131571257336075;0,235940018941102;NA;0,106616982242471;0,0937108366407902;NA;NA;NA;0,110834625916886;NA;"+";"+";NA;0,366261097907464;0,00918649903096706;12;-592,319592899159;1209,14982409619;0;0.309821126063987
"2";-0,147241708006677;0,226436707081911;NA;0,103839419100465;0,093080737896057;NA;"+";"+";0,11864588640492;NA;"+";"+";NA;0,363366227931455;0,00848983484244706;17;-587,381837559489;1209,77357610908;0,623752012887735;0.226811462750098
"3";-0,180094651743181;0,231198411592441;NA;0,101729820881397;0,0921044874567777;NA;NA;"+";0,112979597738242;NA;"+";"+";NA;0,365628112295882;0,00915146345858218;14;-590,616866122562;1209,92338741754;0,773563321349002;0.210442710633939
"4";-0,109482053471578;0,233821133091931;NA;0,108945118008751;0,0946001769409779;NA;"+";NA;0,113654378273552;NA;"+";"+";NA;0,363913809526332;0,00867240585848907;15;-589,985805147155;1210,76108397852;1,61125988233198;0.138430054594152
"5";-0,138917272834859;0,235736018122919;NA;0,106583870155964;0,0939486123513537;NA;NA;NA;0,110359834614941;"+";"+";"+";NA;0,366479387248335;0,00931305810225625;13;-592,272018448896;1211,14075820927;1,99093411307831;0.114494645957824
